{"eval/loss": 0.06718628108501434, "eval/runtime": 325.9198, "eval/samples_per_second": 3.068, "eval/steps_per_second": 0.767, "train/epoch": 3.0, "train/global_step": 750, "_timestamp": 1721254726.639054, "_runtime": 5995.199103116989, "_step": 4, "train/loss": 0.861, "train/learning_rate": 6.666666666666667e-06, "train/train_runtime": 6186.7876, "train/train_samples_per_second": 0.485, "train/train_steps_per_second": 0.121, "train/total_flos": 406025404416000.0, "train/train_loss": 0.6508353678385417}